size,pyDctTime,myDctTime
100,0.009362936019897461,1.5058095455169678
200,0.014722585678100586,12.14696979522705
300,0.0056304931640625,42.41363167762756
400,0.01566600799560547,101.45636582374573
500,0.01532888412475586,197.67805123329163
600,0.02130579948425293,347.1070177555084
